{
    "dataset": "ppi",
    "metric": "jaccard similarity",
    "task": "debias the mining model",
    "diff": 0.23823116757757387,
    "roc-auc": [
        0.6818451361318293,
        0.7154187140657258
    ],
    "f1": [
        0.6178672863413375,
        0.6423960753937517
    ],
    "bias": {
        "train": [
            0.05852995194383237
        ],
        "validation": [
            0.25737305180892533
        ],
        "test": [
            0.2644720912112759
        ]
    }
}
