{
    "dataset": "ppi",
    "metric": "cosine similarity",
    "task": "debias the mining model",
    "diff": 0.4175146072467481,
    "roc-auc": [
        0.6818451361318293,
        0.7401281682310865
    ],
    "f1": [
        0.6178672863413375,
        0.6692486444616577
    ],
    "bias": {
        "train": [
            0.07714150492578331
        ],
        "validation": [
            0.344702801397869
        ],
        "test": [
            0.34973556910429104
        ]
    }
}
