{
    "dataset": "ppi",
    "metric": "jaccard similarity",
    "task": "debias the mining result",
    "diff": 0.507761363122116,
    "roc-auc": [
        0.6818451361318293,
        0.7132877990582615
    ],
    "f1": [
        0.6178672863413375,
        0.6423960753937517
    ],
    "bias": {
        "train": [
            0.9007993898804335
        ],
        "validation": [
            0.8480163338139572
        ],
        "test": [
            0.8705919014053077
        ]
    }
}
