{
    "dataset": "ppi",
    "metric": "cosine similarity",
    "task": "debias the mining result",
    "diff": 0.7220286242529881,
    "roc-auc": [
        0.6818451361318293,
        0.6343595445079172
    ],
    "f1": [
        0.6178672863413375,
        0.5886909372579395
    ],
    "bias": {
        "train": [
            0.970455384636739
        ],
        "validation": [
            0.958253913214724
        ],
        "test": [
            0.9627412770400863
        ]
    }
}
