{
    "dataset": "ppi",
    "metric": "cosine similarity",
    "task": "debias the input graph",
    "diff": 0.6993078976931937,
    "roc-auc": [
        0.6818451361318293,
        0.6855929039010265
    ],
    "f1": [
        0.6178672863413375,
        0.6207074619158275
    ],
    "bias": {
        "train": [
            0.012206033740946975
        ],
        "validation": [
            0.03451971868807613
        ],
        "test": [
            0.02550044009603536
        ]
    }
}
