{
    "dataset": "ppi",
    "metric": "jaccard similarity",
    "task": "debias the input graph",
    "diff": 0.6740087760748081,
    "roc-auc": [
        0.6818451361318293,
        0.6784420320651908
    ],
    "f1": [
        0.6178672863413375,
        0.6201910663568293
    ],
    "bias": {
        "train": [
            0.020624031681280353
        ],
        "validation": [
            0.03629812978226654
        ],
        "test": [
            0.015421255425152935
        ]
    }
}
